{
    "x": 732731,
    "y": 4051171,
    "z": 2458,
    "w": 5616,
    "h": 3744,
    "cx": 2808.0,
    "cy": 1872.0,
    "fov": 74.60462612613364,
    "pan": 96.81895180737585,
    "tilt": -0.8995728982831847,
    "roll": 0.19669792100651184,
    "a1": 0.01108235383809156,
    "a2": 0.1350422844517638,
    "k1": 0.0052755083408879975,
    "k2": -0.049584822767504894,
    "k3": 0.050341431294983446,
    "k4": 0.024832037608510535,
    "k5": -0.08323377650724753,
    "k6": 0.17066830775968841,
    "p1": 0.02605849240809928,
    "p2": 1.898479688867906e-06,
    "s1": -0.01900766596308685,
    "s2": 0.05971014402050352,
    "s3": -0.07563093270670838,
    "s4": 0.07786419902638607,
    "error": 11.11868533590905
}