{
    "x": 732731,
    "y": 4051171,
    "z": 2458,
    "w": 5616,
    "h": 3744,
    "cx": 2808.0,
    "cy": 1872.0,
    "fov": 72.8439156454511,
    "pan": 96.63139597541293,
    "tilt": 0.026071476523263207,
    "roll": 0.11609330598354332,
    "a1": -0.03774583777495173,
    "a2": 0.05128263635507734,
    "k1": 0.06174500983583137,
    "k2": 0.19858153923605104,
    "k3": 0.19768457792235264,
    "k4": 0.1974887271676228,
    "k5": 0.07332013134671048,
    "k6": 0.19180746577553434,
    "p1": 0.014511788585078162,
    "p2": 0.0025666445092322786,
    "s1": -0.026947589991436136,
    "s2": 0.030025327908507506,
    "s3": -0.004924063587826048,
    "s4": -0.023788144730043162,
    "error": 4.342243224315759
}