{
    "x": 732731,
    "y": 4051171,
    "z": 2458,
    "a1": 1,
    "a2": 1,
    "k1": 0,
    "k2": 0,
    "k3": 0,
    "k4": 0,
    "k5": 0,
    "k6": 0,
    "p1": 0,
    "p2": 0,
    "s1": 0,
    "s2": 0,
    "s3": 0,
    "s4": 0,
    "w": 5616,
    "h": 3744,
    "cx": 2808.0,
    "cy": 1872.0,
    "fov": 73.88099271444693,
    "pan": 96.67520725733696,
    "tilt": 1.0193869157611821,
    "roll": 0.31095146575311416,
    "error": 15.941083412988794
}